{
  "baseline": {
    "per_channel_db": [
      3.977329429078625,
      4.863418319546421,
      3.485512067418308,
      3.744975119712364
    ],
    "average_db": 4.01780873393893
  },
  "yours": {
    "per_channel_db": [
      10.532167474244865,
      7.475037422756509,
      10.255810325747293,
      6.960188079259214
    ],
    "average_db": 8.805800825501969
  }
}